Région-Département-Ville,"L’espérance de vie"
"Provence-Alpes-Côte d'Azur - Var - Cavalaire-sur-Mer",91
"Alsace - Bas Rhin - Marckolsheim",63
"Alsace - Bas Rhin - Sarre-Union",52
"Île-de-France - Paris - Paris",83
"Languedoc-Roussillon - Gard - Bagnols-sur-Cèze",69
"Alsace - Bas Rhin - Lampertsloch",89
"Alsace - Bas Rhin - Strasbourg",80
"Alsace - Bas Rhin - Ostwald",92
"Alsace - Bas Rhin - Oberhausbergen",77
"Alsace - Bas Rhin - Bouxwiller",59
"Alsace - Bas Rhin - La Wantzenau",45
"Alsace - Bas Rhin - Schweighouse-sur-Moder",78
"Alsace - Bas Rhin - Bischwiller",96
"Alsace - Bas Rhin - Sélestat",91
"Alsace - Bas Rhin - Bischheim",92
"Alsace - Bas Rhin - Seebach",53
"Alsace - Bas Rhin - Hindisheim",93
"Alsace - Bas Rhin - Drulingen",86
"Provence-Alpes-Côte d'Azur - Vaucluse - Avignon",83
"Alsace - Bas Rhin - Vendenheim",66
"Alsace - Haut Rhin - Mulhouse",92
"Alsace - Haut Rhin - Ranspach",28
"Alsace - Haut Rhin - Burnhaupt-le-Haut",76
"Alsace - Haut Rhin - Colmar",79
"Bourgogne - Saône-et-Loire - Mâcon",87
"Alsace - Haut Rhin - Soultzmatt",68
"Alsace - Haut Rhin - Illzach",69
"Alsace - Haut Rhin - Munster",83
"Alsace - Haut Rhin - Cernay",97
"Alsace - Haut Rhin - Gueberschwihr",93
"Alsace - Haut Rhin - Attenschwiller",82
"Alsace - Haut Rhin - Bollwiller",77
"Alsace - Haut Rhin - Brunstatt",83
"Alsace - Haut Rhin - Thann",93
"Alsace - Haut Rhin - Wittelsheim",87
"Alsace - Haut Rhin - Bennwihr",96
"Midi-Pyrénées - Hautes Pyrénées - Tarbes",87
"Aquitaine - Dordogne - Thiviers",88
"Aquitaine - Dordogne - Lalinde",81
"Aquitaine - Dordogne - Agonac",93
"Aquitaine - Dordogne - Chancelade",81
"Aquitaine - Gironde - Flaujagues",86
"Aquitaine - Dordogne - Bergerac",84
"Aquitaine - Dordogne - Sarlat-la-Canéda",92
"Lorraine - Meurthe-et-Moselle - Nancy",71
"Aquitaine - Dordogne - Cherval",84
"Aquitaine - Dordogne - Jayac",94
"Aquitaine - Gironde - Cestas",86
"Poitou-Charentes - Charente - Mérignac",73
"Provence-Alpes-Côte d'Azur - Vaucluse - Gordes",80
"Aquitaine - Gironde - Bordeaux",80
"Aquitaine - Gironde - Pauillac",43
"Aquitaine - Gironde - La Teste-De-Buch",80
"Aquitaine - Gironde - Talence",92
"Aquitaine - Gironde - La Brède",82
"Aquitaine - Gironde - Jau-Dignac-Et-Loirac",77
"Aquitaine - Gironde - Pessac",85
"Aquitaine - Gironde - Le Bouscat",85
"Aquitaine - Gironde - Parempuyre",81
"Aquitaine - Gironde - Preignac",77
"Aquitaine - Gironde - Cadaujac",88
"Aquitaine - Gironde - Libourne",93
"Aquitaine - Gironde - Bègles",90
"Aquitaine - Gironde - Naujac-sur-Mer",91
"Aquitaine - Gironde - Arcachon",80
"Aquitaine - Gironde - Blanquefort",76
"Poitou-Charentes - Deux Sèvres - Saint-Symphorien",89
"Aquitaine - Gironde - Gradignan",85
"Aquitaine - Gironde - Monségur",83
"Aquitaine - Gironde - La Réole",86
"Provence-Alpes-Côte d'Azur - Var - Hyères",72
"Aquitaine - Gironde - Ambarès-et-Lagrave",79
"Midi-Pyrénées - Haute Garonne - Fronsac",92
"Aquitaine - Gironde - Haux",101
"Aquitaine - Gironde - Cadillac",88
"Aquitaine - Gironde - Martignas-sur-Jalle",59
"Aquitaine - Gironde - Saint-Loubès",81
"Aquitaine - Gironde - Blaye",79
"Aquitaine - Gironde - Arès",76
"Aquitaine - Landes - Aire-sur-L'adour",88
"Aquitaine - Landes - Parentis-en-Born",81
"Aquitaine - Landes - Mimizan",78
"Aquitaine - Landes - Capbreton",87
"Aquitaine - Landes - Dax",84
"Aquitaine - Landes - Retjons",68
"Île-de-France - Hauts de Seine - Saint-Cloud",81
"Aquitaine - Landes - Castelnau-Chalosse",91
"Aquitaine - Landes - Saint-Vincent-De-Tyrosse",68
"Aquitaine - Landes - Castets",81
"Aquitaine - Lot-et-Garonne - Casteljaloux",86
"Aquitaine - Lot-et-Garonne - Agen",82
"Aquitaine - Lot-et-Garonne - Caudecoste",72
"Aquitaine - Lot-et-Garonne - Montayral",102
"Languedoc-Roussillon - Hérault - Le Crès",80
"Aquitaine - Lot-et-Garonne - Monflanquin",83
"Aquitaine - Lot-et-Garonne - Villeneuve-sur-Lot",78
"Aquitaine - Lot-et-Garonne - Moncrabeau",66
"Aquitaine - Lot-et-Garonne - Aiguillon",81
"Aquitaine - Lot-et-Garonne - Dausse",86
"Aquitaine - Lot-et-Garonne - Trentels",82
"Aquitaine - Lot-et-Garonne - Saint-Sylvestre-Sur-Lot",96
"Aquitaine - Lot-et-Garonne - Penne-D'agenais",70
"Aquitaine - Pyrénées-Atlantiques - Orthez",72
"Aquitaine - Pyrénées-Atlantiques - Bayonne",85
"Aquitaine - Pyrénées-Atlantiques - Bosdarros",82
"Aquitaine - Pyrénées-Atlantiques - Alos-Sibas-Abense",91
"Aquitaine - Pyrénées-Atlantiques - Pau",75
"Aquitaine - Pyrénées-Atlantiques - Saint-Jean-De-Luz",89
"Aquitaine - Pyrénées-Atlantiques - Biarritz",53
"Aquitaine - Pyrénées-Atlantiques - Louvie-Juzon",92
"Aquitaine - Pyrénées-Atlantiques - Hendaye",80
"Aquitaine - Pyrénées-Atlantiques - Sarrance",93
"Aquitaine - Pyrénées-Atlantiques - Boucau",86
"Aquitaine - Pyrénées-Atlantiques - Mouguerre",60
"Aquitaine - Pyrénées-Atlantiques - Lasseube",94
"Île-de-France - Hauts de Seine - Fontenay-aux-Roses",92
"Aquitaine - Pyrénées-Atlantiques - Souraïde",79
"Aquitaine - Pyrénées-Atlantiques - Anglet",89
"Auvergne - Allier - Vichy",92
"Bourgogne - Yonne - Vaux",63
"Auvergne - Allier - Saligny-sur-Roudon",99
"Auvergne - Allier - Montluçon",72
"Auvergne - Allier - Cosne-D'allier",87
"Auvergne - Allier - Saint-Pont",98
"Auvergne - Allier - Gannat",73
"Auvergne - Allier - Villeneuve-sur-Allier",83
"Auvergne - Puy-de-Dôme - Issoire",57
"Auvergne - Allier - Dompierre-sur-Besbre",48
"Auvergne - Allier - Avermes",55
"Auvergne - Allier - Lavault-Sainte-Anne",89
"Auvergne - Cantal - Ydes",91
"Auvergne - Cantal - Aurillac",82
"Auvergne - Cantal - Ally",78
"Auvergne - Cantal - Le Falgoux",95
"Auvergne - Cantal - Cassaniouze",72
"Auvergne - Cantal - Saint-Cernin",57
"Auvergne - Cantal - Jussac",71
"Auvergne - Cantal - Cézens",86
"Auvergne - Cantal - Saint-Christophe-Les-Gorges",83
"Île-de-France - Hauts de Seine - Colombes",76
"Auvergne - Haute Loire - Le Puy-En-Velay",82
"Auvergne - Haute Loire - Saugues",80
"Rhône-Alpes - Rhône - Lyon",85
"Auvergne - Haute Loire - Saint-Germain-Laprade",88
"Auvergne - Haute Loire - Allègre",97
"France - Franche-Comté - Chambon Sur Lignon",85
"Auvergne - Haute Loire - Saint-Didier-En-Velay",93
"Languedoc-Roussillon - Lozère - Langogne",89
"Auvergne - Haute Loire - Tence",91
"Rhône-Alpes - Loire - Saint-Étienne",99
"Auvergne - Haute Loire - Solignac-sur-Loire",41
"Basse Normandie - Manche - Auvers",69
"Auvergne - Haute Loire - Sainte-Florine",78
"Auvergne - Haute Loire - Vergongheon",101
"Auvergne - Haute Loire - Retournac",92
"France - Franche-Comté - Le Mazet Saint Voy",94
"Auvergne - Haute Loire - Brioude",73
"Auvergne - Haute Loire - Pradelles",81
"Auvergne - Haute Loire - Villeneuve-D'allier",73
"Auvergne - Haute Loire - Monistrol-sur-Loire",90
"Auvergne - Puy-de-Dôme - Ambert",90
"Auvergne - Puy-de-Dôme - Espirat",66
"Auvergne - Puy-de-Dôme - Malintrat",61
"Auvergne - Puy-de-Dôme - Clermont-Ferrand",80
"Auvergne - Puy-de-Dôme - La Bourboule",91
"Auvergne - Puy-de-Dôme - Lezoux",74
"Auvergne - Puy-de-Dôme - Riom",89
"Auvergne - Puy-de-Dôme - Singles",78
"Auvergne - Puy-de-Dôme - Royat",61
"Auvergne - Puy-de-Dôme - Chauriat",69
"Auvergne - Puy-de-Dôme - Cournon-D'auvergne",95
"Auvergne - Puy-de-Dôme - Isserteaux",91
"Centre - Loir-et-Cher - Fresnes",84
"Île-de-France - Yvelines - Versailles",80
"Basse Normandie - Calvados - Caen",87
"Basse Normandie - Calvados - Lisieux",78
"Basse Normandie - Calvados - Deauville",87
"Basse Normandie - Calvados - Saint-Martin-Des-Besaces",83
"Basse Normandie - Calvados - Le Molay-Littry",62
"Basse Normandie - Calvados - Bayeux",80
"Basse Normandie - Calvados - Dives-sur-Mer",92
"Île-de-France - Val-d'Oise - Le Plessis-Bouchard",84
"Basse Normandie - Calvados - Villers-sur-Mer",97
"Basse Normandie - Calvados - Canchy",95
"Basse Normandie - Manche - La haye-Pesnel",74
"Basse Normandie - Calvados - Ablon",94
"Basse Normandie - Calvados - Honfleur",80
"Basse Normandie - Calvados - Falaise",90
"Basse Normandie - Calvados - Asnelles",92
"Basse Normandie - Calvados - Viré",84
"Basse Normandie - Calvados - Landelles-et-Coupigny",82
"Basse Normandie - Orne - Flers",81
"Basse Normandie - Manche - Avranches",61
"Île-de-France - Val-d'Oise - Cormeilles-en-Parisis",87
"Basse Normandie - Manche - Sourdeval",89
"Basse Normandie - Manche - Cambernon",81
"Basse Normandie - Manche - Saint-Vaast-La-Hougue",82
"Rhône-Alpes - Ain - Cessy",87
"Basse Normandie - Manche - Omonville-la-Rogue",71
"Basse Normandie - Manche - Cherbourg-en-Cotentin",82
"Basse Normandie - Manche - Millières",87
"Basse Normandie - Manche - Équeurdreville-Hainneville",93
"Basse Normandie - Manche - Barfleur",63
"Basse Normandie - Manche - Coutances",91
"Basse Normandie - Manche - Agon-Coutainville",83
"Basse Normandie - Manche - Portbail",57
"Basse Normandie - Manche - Bricquebec",61
"Basse Normandie - Manche - Cherbourg-Octeville",102
"Île-de-France - Yvelines - Conflans-Sainte-Honorine",67
"Basse Normandie - Manche - Saint-Germain-Des-Vaux",89
"Basse Normandie - Manche - Les Pieux",92
"Basse Normandie - Manche - Tourville-sur-Sienne",71
"Basse Normandie - Manche - Carentan-les-Marais",62
"Provence-Alpes-Côte d'Azur - Bouches-du-Rhône - Marseille",82
"Basse Normandie - Orne - L'aigle",77
"Basse Normandie - Orne - Le Merlerault",78
"Bourgogne - Yonne - Vézelay",96
"Basse Normandie - Orne - Mortagne-au-Perche",70
"Basse Normandie - Orne - Giel-Courteilles",84
"Basse Normandie - Orne - Argentan",90
"Basse Normandie - Orne - Bagnoles-de-L'orne",85
"Basse Normandie - Orne - Neuville-sur-Touques",97
"Basse Normandie - Orne - Échauffour",76
"Basse Normandie - Orne - Tinchebray-Bocage",92
"Basse Normandie - Orne - Trun",93
"Bretagne - Côtes-d'Armor - Saint-Cast-Le-Guildo",92
"Basse Normandie - Orne - Moutiers-au-Perche",90
"Bourgogne - Côte-d'Or - Châtillon-sur-Seine",73
"Bourgogne - Côte-d'Or - Dijon",79
"Bourgogne - Côte-d'Or - Auxonne",84
"Bourgogne - Côte-d'Or - Marsannay-la-Côte",63
"Bourgogne - Côte-d'Or - Chenôve",65
"Bourgogne - Côte-d'Or - Chevigny-Saint-Sauveur",80
"Bourgogne - Côte-d'Or - Aignay-le-Duc",51
"Bourgogne - Côte-d'Or - Fontaine-lès-Dijon",93
"Bourgogne - Côte-d'Or - Varois-et-Chaignot",80
"Bourgogne - Côte-d'Or - Longvic",86
"Bourgogne - Côte-d'Or - Beaune",82
"Provence-Alpes-Côte d'Azur - Bouches-du-Rhône - La Ciotat",69
"Bourgogne - Côte-d'Or - Esbarres",67
"Bourgogne - Côte-d'Or - Is-sur-Tille",48
"Bourgogne - Côte-d'Or - Meursault",80
"Bourgogne - Côte-d'Or - Échenon",73
"Bourgogne - Côte-d'Or - Talant",99
"Bourgogne - Côte-d'Or - Pouilly-en-Auxois",52
"Bourgogne - Yonne - Island",84
"Bourgogne - Côte-d'Or - Couchey",74
"Bourgogne - Côte-d'Or - Soussey-sur-Brionne",90
"Bourgogne - Côte-d'Or - Chaignay",89
"Bourgogne - Côte-d'Or - Vosne-Romanée",76
"Bourgogne - Côte-d'Or - Pouilly-sur-Saône",71
"Bourgogne - Côte-d'Or - Charrey-sur-Saône",65
"Provence-Alpes-Côte d'Azur - Alpes-Maritimes - Menton",84
"Bourgogne - Côte-d'Or - Velars-sur-Ouche",85
"Bourgogne - Côte-d'Or - Renève",78
"Provence-Alpes-Côte d'Azur - Var - Toulon",84
"Bourgogne - Côte-d'Or - Puits",87
"Bourgogne - Côte-d'Or - Chaugey",60
"Bourgogne - Côte-d'Or - Nolay",82
"Bourgogne - Côte-d'Or - Semur-en-Auxois",83
"Bourgogne - Côte-d'Or - Ahuy",92
"Bourgogne - Côte-d'Or - Sombernon",76
"Bourgogne - Côte-d'Or - Selongey",90
"Bourgogne - Côte-d'Or - Avelanges",85
"Bretagne - Côtes-d'Armor - Saint-Julien",86
"Bourgogne - Côte-d'Or - Voulaines-les-Templiers",102
"Bourgogne - Nièvre - Mars-sur-Allier",75
"Bourgogne - Nièvre - Nevers",91
"Île-de-France - Hauts de Seine - Antony",68
"Bourgogne - Nièvre - Cosne-Cours-Sur-Loire",94
"Bourgogne - Nièvre - La Charité-Sur-Loire",93
"Bourgogne - Nièvre - Annay",97
"Bourgogne - Nièvre - Urzy",62
"Bourgogne - Nièvre - Sémelay",93
"Bourgogne - Nièvre - Crux-la-Ville",71
"Bourgogne - Nièvre - La Machine",86
"Bourgogne - Saône-et-Loire - Chalon-sur-Saône",73
"Bourgogne - Saône-et-Loire - La Clayette",73
"Bourgogne - Saône-et-Loire - Chagny",98
"Bourgogne - Saône-et-Loire - Tournus",42
"Bourgogne - Saône-et-Loire - Montpont-en-Bresse",86
"Bourgogne - Saône-et-Loire - Montceau-les-Mines",103
"Bourgogne - Saône-et-Loire - Saint-Bérain-Sur-Dheune",92
"Bourgogne - Saône-et-Loire - Iguerande",86
"Bourgogne - Saône-et-Loire - Charolles",93
"Bourgogne - Saône-et-Loire - Autun",98
"Bourgogne - Saône-et-Loire - Joncy",90
"Bourgogne - Saône-et-Loire - Lessard-le-National",78
"Bourgogne - Saône-et-Loire - Châtenoy-le-Royal",54
"Bourgogne - Saône-et-Loire - Épinac",92
"Bourgogne - Saône-et-Loire - La Chaux",85
"Bourgogne - Saône-et-Loire - Semur-en-Brionnais",94
"Bourgogne - Yonne - Cussy-les-Forges",91
"Bourgogne - Yonne - Appoigny",89
"Bourgogne - Yonne - Auxerre",74
"Bourgogne - Yonne - Bussy-en-Othe",92
"Bourgogne - Yonne - Brosses",74
"Bourgogne - Yonne - L'isle-sur-Serein",89
"Bourgogne - Yonne - Villeblevin",96
"Bourgogne - Yonne - Héry",87
"Bourgogne - Yonne - Préhy",41
"Bourgogne - Saône-et-Loire - Givry",88
"Bourgogne - Yonne - Tonnerre",88
"Bourgogne - Yonne - Asquins",43
"Bourgogne - Yonne - Beine",91
"Bourgogne - Yonne - Étigny",70
"Bourgogne - Yonne - Malay-le-Grand",76
"Bretagne - Morbihan - Arzal",93
"Bourgogne - Yonne - La Celle-Saint-Cyr",72
"Limousin - Haute Vienne - Limoges",78
"Bourgogne - Yonne - Fontenoy",97
"Bourgogne - Yonne - Arthonnay",84
"Bourgogne - Yonne - Serbonnes",92
"Bourgogne - Yonne - Mailly-la-Ville",71
"Bourgogne - Yonne - Sauvigny-le-Bois",94
"Bourgogne - Yonne - Vinneuf",82
"Bourgogne - Yonne - Lavau",62
"Bourgogne - Yonne - Irancy",83
"Bretagne - Côtes-d'Armor - Pordic",84
"Bretagne - Côtes-d'Armor - Tréveneuc",68
"Bretagne - Côtes-d'Armor - Paimpol",79
"Bretagne - Côtes-d'Armor - Plouguernével",98
"Bretagne - Côtes-d'Armor - Saint-Brieuc",87
"Bretagne - Morbihan - Beignon",60
"Bretagne - Côtes-d'Armor - Perros-Guirec",78
"Bretagne - Côtes-d'Armor - Ploulec'h",71
"Bretagne - Côtes-d'Armor - Ploubazlanec",99
"Bretagne - Côtes-d'Armor - Ploumagoar",88
"Bretagne - Ille-et-Vilaine - Rennes",73
"Bretagne - Côtes-d'Armor - Trébeurden",93
"Bretagne - Côtes-d'Armor - Pleumeur-Bodou",73
"Bretagne - Finistère - Lannilis",68
"Bretagne - Finistère - Concarneau",89
"Bretagne - Finistère - Landévennec",89
"Bretagne - Finistère - Esquibien",27
"Bretagne - Finistère - Querrien",91
"Bretagne - Finistère - Brest",86
"Bretagne - Finistère - Morlaix",88
"Bretagne - Finistère - Plogoff",76
"Bretagne - Finistère - Fouesnant",98
"Bretagne - Finistère - Roscoff",85
"Bretagne - Finistère - Loperhet",63
"Bretagne - Ille-et-Vilaine - Liffré",90
"Bretagne - Ille-et-Vilaine - Vieux-Vy-Sur-Couesnon",97
"Bretagne - Ille-et-Vilaine - Saint-Malo",86
"Bretagne - Ille-et-Vilaine - Le Pertre",89
"Provence-Alpes-Côte d'Azur - Var - Le Beausset",85
"Bretagne - Morbihan - Pénestin",76
"Bretagne - Morbihan - Port-Louis",69
"Bretagne - Morbihan - Lorient",69
"Bretagne - Morbihan - Riantec",60
"Bretagne - Morbihan - Île-aux-Moines",80
"Bretagne - Morbihan - Arradon",97
"Bretagne - Morbihan - Vannes",77
"Bretagne - Morbihan - Erdeven",90
"Champagne-Ardenne - Marne - Cormontreuil",85
"Bretagne - Morbihan - Nivillac",87
"Bretagne - Morbihan - Mauron",89
"Rhône-Alpes - Haute Savoie - Annemasse",88
"Bretagne - Morbihan - Quiberon",79
"Centre - Cher - Bourges",87
"Centre - Cher - Mareuil-sur-Arnon",98
"Centre - Indre - Champillet",98
"Centre - Cher - Morogues",92
"Centre - Cher - Menetou-Salon",80
"Centre - Indre - Issoudun",38
"Basse Normandie - Orne - La Madeleine-Bouvet",92
"Centre - Eure-Et-Loir - Lèves",94
"Centre - Eure-Et-Loir - Nogent-le-Rotrou",90
"Centre - Eure-Et-Loir - Voves",90
"Centre - Eure-Et-Loir - Brou",88
"Centre - Eure-Et-Loir - Pierres",81
"Centre - Eure-Et-Loir - Châteauneuf-en-Thymerais",62
"Centre - Eure-Et-Loir - La Loupe",89
"Centre - Eure-Et-Loir - Le Coudray",15
"Bourgogne - Yonne - Saint-Florentin",75
"Centre - Indre - Le Blanc",87
"Centre - Indre - Châteauroux",88
"Poitou-Charentes - Vienne - Angles-sur-L'anglin",93
"Centre - Indre-et-Loire - Loches",85
"Centre - Indre-et-Loire - Tours",87
"Centre - Indre-et-Loire - Montreuil-en-Touraine",96
"Centre - Indre-et-Loire - Langeais",87
"Centre - Indre-et-Loire - Sonzay",66
"Centre - Indre-et-Loire - Bourgueil",88
"Centre - Indre-et-Loire - La Chapelle-Sur-Loire",96
"Centre - Indre-et-Loire - Saint-Pierre-Des-Corps",64
"Centre - Indre-et-Loire - Vouvray",84
"Centre - Indre-et-Loire - Descartes",76
"Centre - Loir-et-Cher - Montrichard",63
"Centre - Loir-et-Cher - Josnes",76
"Centre - Loir-et-Cher - Blois",96
"Centre - Loir-et-Cher - Molineuf",39
"Île-de-France - Yvelines - Les Clayes-Sous-Bois",79
"Centre - Loiret - Cléry-Saint-André",77
"Centre - Loiret - Châteauneuf-sur-Loire",93
"Centre - Loiret - Orléans",90
"Centre - Cher - Blancafort",75
"Centre - Loiret - Fleury-les-Aubrais",90
"Centre - Loiret - Malesherbes",70
"Centre - Loiret - Dampierre-en-Burly",97
"Centre - Loiret - Corquilleroy",82
"Centre - Loiret - Ligny-le-Ribault",54
"Centre - Loiret - Charsonville",91
"Centre - Loiret - Saint-Ay",67
"Centre - Loiret - Ramoulu",82
"Centre - Loiret - Guigneville",84
"Centre - Loiret - Donnery",72
"Centre - Loiret - Pithiviers",86
"Centre - Loiret - La Chapelle-Saint-Mesmin",70
"Centre - Loiret - Montargis",87
"Centre - Loiret - Briare",85
"Centre - Loiret - Dordives",98
"Centre - Loiret - Saint-Denis-En-Val",84
"Champagne-Ardenne - Ardennes - Fumay",63
"Champagne-Ardenne - Ardennes - Sedan",71
"Champagne-Ardenne - Marne - Reims",77
"Champagne-Ardenne - Ardennes - Signy-L'abbaye",84
"Champagne-Ardenne - Aube - Troyes",82
"Champagne-Ardenne - Aube - Chessy-les-Prés",78
"Champagne-Ardenne - Aube - Sainte-Savine",87
"Rhône-Alpes - Rhône - Caluire-et-Cuire",91
"Champagne-Ardenne - Aube - Romilly-sur-Seine",82
"Champagne-Ardenne - Aube - Bar-sur-Seine",81
"Champagne-Ardenne - Aube - Villenauxe-la-Grande",92
"Champagne-Ardenne - Aube - La Louptière-Thénard",94
"Champagne-Ardenne - Aube - Vendeuvre Sur Barse",93
"Champagne-Ardenne - Aube - Pont Sainte Marie",89
"Picardie - Oise - Saint-Maur",80
"Pays de la Loire - Vendée - Boulogne",90
"Basse Normandie - Orne - Aube",69
"Champagne-Ardenne - Aube - Nogent-sur-Seine",84
"Champagne-Ardenne - Aube - Bayel",99
"Champagne-Ardenne - Aube - Les Riceys",93
"Nord-Pas-de-Calais - Nord - Sin-le-Noble",85
"Champagne-Ardenne - Marne - Mourmelon-le-Grand",70
"Champagne-Ardenne - Marne - Saint-Brice-Courcelles",78
"Champagne-Ardenne - Marne - Épernay",81
"Champagne-Ardenne - Marne - Châlons-en-Champagne",79
"Lorraine - Moselle - Metz",78
"Provence-Alpes-Côte d'Azur - Alpes-Maritimes - Cannes",83
"Champagne-Ardenne - Marne - Vitry-le-François",63
"Champagne-Ardenne - Marne - Pargny-sur-Saulx",76
"Champagne-Ardenne - Marne - Venteuil",54
"Île-de-France - Yvelines - Le Chesnay",47
"Champagne-Ardenne - Marne - Sézanne",58
"Champagne-Ardenne - Marne - Fismes",85
"Provence-Alpes-Côte d'Azur - Var - Callian",105
"Pays de la Loire - Loire-Atlantique - Issé",87
"Champagne-Ardenne - Marne - Saint-Memmie",90
"Pays de la Loire - Vendée - Les Sables-D'olonne",83
"Île-de-France - Hauts de Seine - Meudon",95
"Provence-Alpes-Côte d'Azur - Alpes-Maritimes - Mandelieu-la-Napoule",82
"Champagne-Ardenne - Marne - Bussy-Lettrée",89
"Pays de la Loire - Mayenne - Saint-Berthevin",52
"Pays de la Loire - Sarthe - Montmirail",90
"Bretagne - Finistère - Baye",79
"Champagne-Ardenne - Marne - Anglure",95
"Champagne-Ardenne - Haute-Marne - Chaumont",81
"Champagne-Ardenne - Haute-Marne - Saint-Dizier",70
"Lorraine - Meuse - Sommelonne",75
"Franche-Comté - Haute Saône - Gray",90
"Champagne-Ardenne - Haute-Marne - Wassy",97
"Corse - Corse-du-Sud - Ajaccio",87
"Corse - Corse-du-Sud - Cargèse",84
"Provence-Alpes-Côte d'Azur - Alpes-Maritimes - Nice",82
"Corse - Haute Corse - Bastia",82
"Rhône-Alpes - Isère - Saint-Maximin",78
"Corse - Haute Corse - Corte",72
"Corse - Corse-du-Sud - Campo",85
"Corse - Corse-du-Sud - Sartène",74
"Rhône-Alpes - Drôme - Valence",80
"Corse - Corse-du-Sud - Coti-Chiavari",72
"Île-de-France - Essonne - Yerres",57
"Rhône-Alpes - Rhône - Villeurbanne",88
"Corse - Corse-du-Sud - Tasso",78
"Corse - Haute Corse - Monticello",87
"Corse - Haute Corse - Loreto-di-Casinca",79
"Languedoc-Roussillon - Hérault - Montpellier",84
"Corse - Haute Corse - Ghisonaccia",89
"Corse - Haute Corse - Luri",85
"Provence-Alpes-Côte d'Azur - Var - Garéoult",79
"Provence-Alpes-Côte d'Azur - Bouches-du-Rhône - Aubagne",73
"Corse - Haute Corse - L'île-Rousse",75
"Corse - Haute Corse - Santo-Pietro-Di-Tenda",78
"Corse - Haute Corse - San-Gavino-Di-Tenda",90
"Corse - Corse-du-Sud - Cozzano",81
"Île-de-France - Val-d'Oise - Gonesse",89
"Corse - Haute Corse - Prunelli-di-Fiumorbo",75
"Provence-Alpes-Côte d'Azur - Var - La Seyne-Sur-Mer",84
"Corse - Haute Corse - Rutali",91
"Franche-Comté - Doubs - Morteau",96
"Franche-Comté - Doubs - Mandeure",92
"Franche-Comté - Doubs - Besançon",84
"Franche-Comté - Jura - Évans",71
"Franche-Comté - Doubs - Dommartin",84
"Franche-Comté - Doubs - Pontarlier",72
"Franche-Comté - Doubs - Exincourt",81
"Franche-Comté - Doubs - Sochaux",66
"Franche-Comté - Doubs - Vandoncourt",75
"Franche-Comté - Doubs - Pierrefontaine-les-Varans",92
"Île-de-France - Hauts de Seine - Sceaux",81
"Franche-Comté - Doubs - Lougres",93
"Franche-Comté - Doubs - Vuillafans",50
"Franche-Comté - Doubs - Valentigney",80
"Franche-Comté - Doubs - Beure",42
"Franche-Comté - Doubs - Cléron",48
"Franche-Comté - Doubs - Mathay",75
"Franche-Comté - Doubs - Le Vernoy",82
"Franche-Comté - Doubs - Verrières-de-Joux",73
"Franche-Comté - Doubs - Charmoille",48
"Franche-Comté - Doubs - Fesches-le-Châtel",95
"Franche-Comté - Doubs - Montbéliard",85
"Franche-Comté - Doubs - Glay",92
"Provence-Alpes-Côte d'Azur - Bouches-du-Rhône - Aix-en-Provence",88
"Provence-Alpes-Côte d'Azur - Var - Vinon-sur-Verdon",69
"Franche-Comté - Doubs - Dampierre-les-Bois",85
"Franche-Comté - Jura - Vitreux",52
"Franche-Comté - Doubs - Sainte-Suzanne",69
"Franche-Comté - Jura - Saint-Amour",85
"Franche-Comté - Jura - Saint-Lupicin",60
"Franche-Comté - Jura - Grozon",84
"Franche-Comté - Jura - Longwy-Sur-Le-Doubs",27
"Franche-Comté - Jura - Dole",90
"Franche-Comté - Jura - Clairvaux-les-Lacs",78
"Franche-Comté - Jura - Lons-le-Saunier",74
"Franche-Comté - Jura - Port-Lesney",76
"Franche-Comté - Jura - La Pesse",54
"Franche-Comté - Jura - Bellefontaine",47
"Franche-Comté - Jura - Saint-Claude",70
"Franche-Comté - Jura - Champagnole",86
"Rhône-Alpes - Isère - Belmont",97
"Franche-Comté - Jura - Fraisans",69
"Île-de-France - Yvelines - Saint-Germain-En-Laye",89
"Franche-Comté - Haute Saône - Corbenay",89
"Franche-Comté - Haute Saône - Luxeuil-les-Bains",92
"Franche-Comté - Haute Saône - Vesoul",81
"Franche-Comté - Haute Saône - Magnivray",57
"Franche-Comté - Territoire de Belfort - Felon",93
"Franche-Comté - Territoire de Belfort - Belfort",78
"Haute-Normandie - Seine-Maritime - Normanville",102
"Haute-Normandie - Eure - Pacy-sur-Eure",93
"Haute-Normandie - Eure - Bernay",91
"Haute-Normandie - Eure - Les Andelys",83
"Rhône-Alpes - Rhône - Saint-Pierre-La-Palud",82
"Haute-Normandie - Eure - Pont-Audemer",84
"Haute-Normandie - Eure - Vernon",88
"Haute-Normandie - Eure - Louviers",94
"Île-de-France - Val-d'Oise - Beauchamp",75
"Haute-Normandie - Seine-Maritime - Rouen",84
"Haute-Normandie - Eure - Évreux",80
"Haute-Normandie - Eure - Gisors",81
"Franche-Comté - Haute Saône - Selles",84
"Haute-Normandie - Eure - Gaillon",91
"Haute-Normandie - Eure - Conches En Ouche",93
"Rhône-Alpes - Rhône - Francheville",92
"Haute-Normandie - Eure - Saint-Germain-Village",76
"Île-de-France - Yvelines - Blaru",78
"Haute-Normandie - Seine-Maritime - Yvetot",83
"Haute-Normandie - Seine-Maritime - Bolbec",84
"Haute-Normandie - Seine-Maritime - Caudebec Les Elbeuf",64
"Lorraine - Vosges - Fréville",80
"Haute-Normandie - Seine-Maritime - Le Havre",87
"Haute-Normandie - Seine-Maritime - Le Tréport",93
"Haute-Normandie - Seine-Maritime - Dieppe",82
"Haute-Normandie - Seine-Maritime - Notre-Dame-De-Gravenchon",57
"Poitou-Charentes - Charente-Maritime - Archingeay",75
"Haute-Normandie - Seine-Maritime - Barentin",71
"Haute-Normandie - Seine-Maritime - Neuville Les Dieppe",75
"Haute-Normandie - Seine-Maritime - Elbeuf",85
"Basse Normandie - Calvados - Saint-Sylvain",98
"Picardie - Somme - Mers-les-Bains",91
"Haute-Normandie - Seine-Maritime - Gournay-en-Bray",91
"Haute-Normandie - Seine-Maritime - Saint-Nicolas-D'aliermont",62
"Haute-Normandie - Seine-Maritime - Aumale",51
"Aquitaine - Landes - Sainte-Foy",64
"Haute-Normandie - Seine-Maritime - Saint-Aubin-Sur-Scie",83
"Haute-Normandie - Seine-Maritime - Caudebec-en-Caux",94
"Pays de la Loire - Loire-Atlantique - Pornichet",67
"Haute-Normandie - Seine-Maritime - Cany Barville",79
"Haute-Normandie - Seine-Maritime - Bois-Guillaume",87
"Provence-Alpes-Côte d'Azur - Alpes-Maritimes - Cagnes-sur-Mer",85
"Picardie - Oise - Songeons",86
"Centre - Loir-et-Cher - Saint-Arnoult",88
"Île-de-France - Val-de-Marne - Créteil",91
"Île-de-France - Hauts de Seine - Boulogne-Billancourt",78
"Île-de-France - Val-de-Marne - Bry-sur-Marne",73
"Île-de-France - Val-d'Oise - Deuil-la-Barre",86
"Île-de-France - Seine-et-Marne - Vaires-sur-Marne",92
"Île-de-France - Seine-et-Marne - Provins",85
"Île-de-France - Seine-et-Marne - Nemours",95
"Île-de-France - Seine-et-Marne - Melun",84
"Île-de-France - Seine-et-Marne - Fontainebleau",93
"Île-de-France - Seine-et-Marne - Vert-Saint-Denis",75
"Île-de-France - Seine-et-Marne - Meaux",87
"Île-de-France - Seine-et-Marne - Saint-Mammès",91
"Île-de-France - Seine-et-Marne - Champs-sur-Marne",64
"Nord-Pas-de-Calais - Pas-de-Calais - Torcy",81
"Île-de-France - Seine-et-Marne - Chelles",83
"Île-de-France - Seine-et-Marne - Thorigny-sur-Marne",73
"Poitou-Charentes - Deux Sèvres - Avon",80
"Île-de-France - Seine-et-Marne - Coulommiers",92
"Île-de-France - Seine-et-Marne - Cesson",94
"Île-de-France - Seine-et-Marne - Rozay-en-Brie",83
"Centre - Loiret - Montereau",73
"Île-de-France - Seine-et-Marne - Montereau-Fault-Yonne",87
"Île-de-France - Seine-et-Marne - Brie-Comte-Robert",91
"Île-de-France - Seine-et-Marne - Villeparisis",95
"Île-de-France - Seine-et-Marne - Veneux-les-Sablons",83
"Basse Normandie - Manche - Saint-Pair-Sur-Mer",96
"Île-de-France - Seine-et-Marne - Saint-Pathus",75
"Île-de-France - Seine-et-Marne - Saint-Soupplets",83
"Île-de-France - Seine-et-Marne - Dammarie-les-Lys",85
"Rhône-Alpes - Savoie - La Rochette",92
"Île-de-France - Seine-et-Marne - Trilport",73
"Île-de-France - Seine-et-Marne - Isles-les-Meldeuses",71
"Île-de-France - Seine-et-Marne - Combs-la-Ville",84
"Île-de-France - Seine-et-Marne - La Chapelle-la-Reine",94
"Poitou-Charentes - Deux Sèvres - Champeaux",87
"Île-de-France - Seine-et-Marne - Boissise-le-Roi",97
"Provence-Alpes-Côte d'Azur - Var - Six-Fours-Les-Plages",87
"Île-de-France - Seine-et-Marne - Verneuil-L'étang",75
"Île-de-France - Seine-et-Marne - Bussy-Saint-Georges",85
"Île-de-France - Seine-et-Marne - Le Mée-Sur-Seine",97
"Île-de-France - Seine-et-Marne - Barbizon",79
"Île-de-France - Yvelines - Aubergenville",85
"Île-de-France - Yvelines - Houilles",89
"Île-de-France - Yvelines - Viroflay",92
"Île-de-France - Yvelines - Rambouillet",81
"Île-de-France - Yvelines - Sartrouville",91
"Île-de-France - Yvelines - Maurepas",69
"Île-de-France - Yvelines - Limay",88
"Île-de-France - Yvelines - Poissy",81
"Île-de-France - Yvelines - Fourqueux",91
"Île-de-France - Yvelines - Montigny-le-Bretonneux",59
"Île-de-France - Yvelines - Mantes-la-Jolie",90
"Île-de-France - Yvelines - Élancourt",76
"Île-de-France - Yvelines - Maisons-Laffitte",76
"Île-de-France - Yvelines - Rosny-sur-Seine",89
"Île-de-France - Yvelines - Mantes-la-Ville",88
"Île-de-France - Yvelines - Saint-Arnoult-En-Yvelines",87
"Île-de-France - Yvelines - Les Mureaux",81
"Île-de-France - Yvelines - Chatou",90
"Île-de-France - Essonne - Longjumeau",68
"Île-de-France - Essonne - Arpajon",77
"Île-de-France - Essonne - Linas",73
"Île-de-France - Essonne - Corbeil-Essonnes",91
"Île-de-France - Essonne - Viry-Châtillon",90
"Île-de-France - Essonne - Les Ulis",91
"Île-de-France - Essonne - Brunoy",63
"Île-de-France - Essonne - Évry",56
"Île-de-France - Essonne - Étampes",97
"Île-de-France - Hauts de Seine - Issy-les-Moulineaux",81
"Île-de-France - Seine-Saint-Denis - Aulnay-sous-Bois",88
"Île-de-France - Seine-Saint-Denis - Romainville",76
"Île-de-France - Val-de-Marne - Villeneuve-Saint-Georges",85
"Île-de-France - Val-de-Marne - Maisons-Alfort",83
"Île-de-France - Val-d'Oise - Pontoise",69
"Île-de-France - Val-d'Oise - Argenteuil",76
"Île-de-France - Val-d'Oise - Parmain",78
"Île-de-France - Val-d'Oise - Ermont",90
"Île-de-France - Val-d'Oise - Montsoult",89
"Île-de-France - Val-d'Oise - Herblay",87
"Île-de-France - Val-d'Oise - Goussainville",65
"Île-de-France - Val-d'Oise - Saint-ouen-L'aumône",91
"Île-de-France - Val-d'Oise - Louvres",100
"Île-de-France - Val-d'Oise - Cergy",79
"Île-de-France - Val-d'Oise - L'isle-Adam",90
"Lorraine - Meurthe-et-Moselle - Andilly",93
"Île-de-France - Val-d'Oise - Soisy-sous-Montmorency",94
"Île-de-France - Val-d'Oise - Osny",95
"Languedoc-Roussillon - Aude - Carcassonne",93
"Languedoc-Roussillon - Aude - Narbonne",84
"Languedoc-Roussillon - Aude - Coursan",83
"Languedoc-Roussillon - Aude - Lasbordes",81
"Languedoc-Roussillon - Aude - Ouveillan",83
"Languedoc-Roussillon - Aude - Limoux",88
"Languedoc-Roussillon - Aude - Portel-des-Corbières",62
"Languedoc-Roussillon - Aude - Caunes-Minervois",90
"Midi-Pyrénées - Lot - Albas",97
"Languedoc-Roussillon - Aude - Douzens",89
"Languedoc-Roussillon - Pyrénées-Orientales - Perpignan",73
"Languedoc-Roussillon - Aude - Palaja",100
"Languedoc-Roussillon - Aude - Couiza",63
"Languedoc-Roussillon - Aude - Lézignan-Corbières",85
"Languedoc-Roussillon - Gard - Nîmes",85
"Languedoc-Roussillon - Hérault - Paulhan",89
"Languedoc-Roussillon - Gard - Vauvert",93
"Languedoc-Roussillon - Gard - Rodilhan",84
"Languedoc-Roussillon - Gard - Milhaud",84
"Languedoc-Roussillon - Gard - Uzes",87
"Languedoc-Roussillon - Gard - Caissargues",78
"Languedoc-Roussillon - Gard - Manduel",77
"Languedoc-Roussillon - Gard - Alès",68
"Languedoc-Roussillon - Gard - Le Grau-Du-Roi",89
"Languedoc-Roussillon - Hérault - Agde",92
"Languedoc-Roussillon - Hérault - Murviel Les Beziers",82
"Languedoc-Roussillon - Hérault - Pézenas",63
"Languedoc-Roussillon - Hérault - Lamalou Les Bains",89
"Languedoc-Roussillon - Hérault - Baillargues",92
"Languedoc-Roussillon - Hérault - Sète",87
"Languedoc-Roussillon - Hérault - Béziers",86
"Languedoc-Roussillon - Hérault - Marseillan",76
"Midi-Pyrénées - Lot - Gignac",98
"Languedoc-Roussillon - Hérault - Sérignan",87
"Île-de-France - Val-d'Oise - Enghien-les-Bains",88
"Languedoc-Roussillon - Hérault - La Grande-Motte",95
"Languedoc-Roussillon - Hérault - Juvignac",84
"Languedoc-Roussillon - Hérault - Mauguio",81
"Languedoc-Roussillon - Hérault - Balaruc-les-Bains",77
"Provence-Alpes-Côte d'Azur - Var - Puget-sur-Argens",76
"Languedoc-Roussillon - Hérault - Lattes",95
"Languedoc-Roussillon - Hérault - Pignan",76
"Auvergne - Haute Loire - Beaulieu",84
"Languedoc-Roussillon - Lozère - Saint-Chély-D'apcher",59
"Midi-Pyrénées - Ariège - Barjac",98
"Midi-Pyrénées - Hautes Pyrénées - Luc",73
"Midi-Pyrénées - Haute Garonne - Saint-Alban",79
"Languedoc-Roussillon - Lozère - Marvejols",83
"Pays de la Loire - Maine-et-Loire - Brion",93
"Bourgogne - Côte-d'Or - Millery",85
"Languedoc-Roussillon - Pyrénées-Orientales - Canet-en-Roussillon",85
"Languedoc-Roussillon - Pyrénées-Orientales - Estagel",90
"Languedoc-Roussillon - Pyrénées-Orientales - Baho",62
"Languedoc-Roussillon - Pyrénées-Orientales - Céret",86
"Languedoc-Roussillon - Pyrénées-Orientales - Sorède",86
"Languedoc-Roussillon - Pyrénées-Orientales - Le Boulou",71
"Languedoc-Roussillon - Pyrénées-Orientales - Elne",64
"Languedoc-Roussillon - Pyrénées-Orientales - Le Soler",70
"Languedoc-Roussillon - Pyrénées-Orientales - Pia",80
"Aquitaine - Lot-et-Garonne - Montauriol",84
"Île-de-France - Seine-et-Marne - Lagny-sur-Marne",91
"Languedoc-Roussillon - Pyrénées-Orientales - Claira",85
"Bourgogne - Nièvre - Sainte-Marie",73
"Poitou-Charentes - Charente-Maritime - Saint-Hippolyte",98
"Limousin - Corrèze - Saint-Jal",83
"Limousin - Corrèze - Clergoux",85
"Limousin - Corrèze - Naves",80
"Limousin - Corrèze - Brive-la-Gaillarde",62
"Limousin - Corrèze - Saint-Augustin",80
"Limousin - Corrèze - Meyssac",64
"Limousin - Corrèze - Ussel",92
"Limousin - Corrèze - Sornac",90
"Limousin - Corrèze - Rosiers-D'égletons",89
"Auvergne - Puy-de-Dôme - Neuville",91
"Picardie - Oise - Chambly",66
"Île-de-France - Val-de-Marne - Ivry-sur-Seine",80
"Limousin - Creuse - Crocq",68
"Limousin - Creuse - Aubusson",75
"Limousin - Creuse - Pontarion",87
"Poitou-Charentes - Vienne - Poitiers",84
"Poitou-Charentes - Charente-Maritime - La Rochelle",78
"Limousin - Creuse - Saint-Georges-La-Pouge",94
"Limousin - Haute Vienne - Saint-Sulpice-Les-Feuilles",86
"Languedoc-Roussillon - Pyrénées-Orientales - Vernet-les-Bains",89
"Limousin - Haute Vienne - Saint-Martin-De-Jussac",89
"Lorraine - Meurthe-et-Moselle - Laxou",89
"Lorraine - Meurthe-et-Moselle - Velaine-en-Haye",83
"Lorraine - Meurthe-et-Moselle - Toul",91
"Lorraine - Meurthe-et-Moselle - Saulxures-lès-Nancy",81
"Lorraine - Meurthe-et-Moselle - Villers-lès-Nancy",82
"Lorraine - Meurthe-et-Moselle - Longwy",91
"Lorraine - Meurthe-et-Moselle - Vandœuvre-lès-Nancy",83
"Lorraine - Meurthe-et-Moselle - Lay-Saint-Christophe",77
"Provence-Alpes-Côte d'Azur - Alpes-Maritimes - Antibes",85
"Lorraine - Meurthe-et-Moselle - Lalœuf",36
"Lorraine - Meurthe-et-Moselle - Jœuf",87
"Lorraine - Meuse - Ligny-en-Barrois",78
"Lorraine - Meuse - Lérouville",66
"Lorraine - Meuse - Chalaines",75
"Lorraine - Meuse - Saint-Mihiel",80
"Lorraine - Meuse - Inor",90
"Lorraine - Meuse - Varennes-en-Argonne",53
"Lorraine - Meuse - Willeroncourt",91
"Lorraine - Moselle - Sarreguemines",81
"Lorraine - Moselle - Puttelange-aux-Lacs",78
"Lorraine - Moselle - Creutzwald",31
"Lorraine - Moselle - Thionville",60
"Lorraine - Moselle - Fénétrange",85
"Lorraine - Moselle - Sainte-Marie-Aux-Chênes",90
"Lorraine - Moselle - Nousseviller-lès-Bitche",93
"Lorraine - Moselle - Marange-Silvange",49
"Lorraine - Moselle - Freyming-Merlebach",85
"Lorraine - Moselle - Monneren",61
"Lorraine - Moselle - Petit-Réderching",89
"Lorraine - Moselle - Amanvillers",52
"Lorraine - Moselle - Bouzonville",90
"Lorraine - Moselle - Lutzelbourg",87
"Lorraine - Moselle - Boulange",85
"Lorraine - Vosges - Harsault",94
"Lorraine - Vosges - Le val-D'ajol",91
"Lorraine - Vosges - Dombrot-le-Sec",96
"Lorraine - Vosges - Lépanges-sur-Vologne",82
"Lorraine - Vosges - Rupt-sur-Moselle",97
"Lorraine - Vosges - Thaon-les-Vosges",86
"Lorraine - Vosges - Golbey",86
"Lorraine - Vosges - Épinal",92
"Lorraine - Vosges - Fraize",100
"Lorraine - Vosges - Uzemain",101
"Lorraine - Vosges - Rambervillers",83
"Lorraine - Vosges - La Croix-Aux-Mines",91
"Midi-Pyrénées - Ariège - Lavelanet",88
"Midi-Pyrénées - Haute Garonne - Martres-Tolosane",90
"Midi-Pyrénées - Ariège - Mirepoix",86
"Midi-Pyrénées - Ariège - Foix",65
"Midi-Pyrénées - Haute Garonne - Toulouse",84
"Midi-Pyrénées - Gers - Mauvezin",37
"Midi-Pyrénées - Ariège - Lorp-Sentaraille",23
"Midi-Pyrénées - Ariège - Montégut-en-Couserans",70
"Midi-Pyrénées - Haute Garonne - Ramonville-Saint-Agne",95
"Midi-Pyrénées - Ariège - Ercé",92
"Midi-Pyrénées - Ariège - Mercenac",82
"Midi-Pyrénées - Haute Garonne - Muret",91
"Midi-Pyrénées - Aveyron - Decazeville",92
"Midi-Pyrénées - Aveyron - Saint-Sernin-Sur-Rance",91
"Midi-Pyrénées - Aveyron - Millau",77
"Midi-Pyrénées - Aveyron - Capdenac-Gare",62
"Midi-Pyrénées - Aveyron - Villefranche-de-Rouergue",86
"Midi-Pyrénées - Aveyron - Saint Affrique",83
"Midi-Pyrénées - Aveyron - Rodez",79
"Provence-Alpes-Côte d'Azur - Vaucluse - Le Pontet",85
"Midi-Pyrénées - Tarn-et-Garonne - Caylus",76
"Île-de-France - Val-de-Marne - Vitry-sur-Seine",75
"Midi-Pyrénées - Haute Garonne - Aucamville",92
"Midi-Pyrénées - Haute Garonne - Cazères",73
"Midi-Pyrénées - Haute Garonne - Fenouillet",89
"Midi-Pyrénées - Haute Garonne - Blagnac",77
"Midi-Pyrénées - Haute Garonne - Montespan",86
"Midi-Pyrénées - Haute Garonne - Plaisance-du-Touch",58
"Midi-Pyrénées - Haute Garonne - Cugnaux",90
"Midi-Pyrénées - Haute Garonne - Auterive",44
"Midi-Pyrénées - Tarn-et-Garonne - Mas-Grenier",92
"Midi-Pyrénées - Haute Garonne - Villeneuve-Tolosane",84
"Midi-Pyrénées - Haute Garonne - Balma",67
"Midi-Pyrénées - Haute Garonne - Montastruc-la-Conseillère",84
"Midi-Pyrénées - Haute Garonne - Colomiers",93
"Midi-Pyrénées - Haute Garonne - Saint-Bertrand-De-Comminges",80
"Midi-Pyrénées - Haute Garonne - Saint-Lys",50
"Midi-Pyrénées - Haute Garonne - Saint-Jory",89
"Midi-Pyrénées - Haute Garonne - Aussonne",92
"Midi-Pyrénées - Haute Garonne - L'union",89
"Midi-Pyrénées - Haute Garonne - Frouzins",63
"Midi-Pyrénées - Haute Garonne - Deyme",53
"Midi-Pyrénées - Haute Garonne - Saint-Orens-De-Gameville",98
"Midi-Pyrénées - Haute Garonne - Montbrun-Lauragais",68
"Midi-Pyrénées - Haute Garonne - Cintegabelle",91
"Midi-Pyrénées - Haute Garonne - Montesquieu-Volvestre",88
"Midi-Pyrénées - Haute Garonne - Saint-Gaudens",92
"Midi-Pyrénées - Haute Garonne - Castelginest",86
"Midi-Pyrénées - Haute Garonne - Portet-sur-Garonne",88
"Midi-Pyrénées - Haute Garonne - Quint-Fonsegrives",82
"Midi-Pyrénées - Haute Garonne - Carbonne",92
"Midi-Pyrénées - Haute Garonne - Cox",88
"Midi-Pyrénées - Haute Garonne - Boussan",86
"Midi-Pyrénées - Haute Garonne - Pinsaguel",66
"Midi-Pyrénées - Haute Garonne - Beauzelle",74
"Midi-Pyrénées - Haute Garonne - Tournefeuille",91
"Midi-Pyrénées - Hautes Pyrénées - Laloubère",64
"Midi-Pyrénées - Hautes Pyrénées - Rabastens-de-Bigorre",95
"Midi-Pyrénées - Gers - Plaisance Du Gers",78
"Midi-Pyrénées - Gers - Auch",84
"Midi-Pyrénées - Gers - Gimont",56
"Midi-Pyrénées - Gers - Cazaubon",75
"Midi-Pyrénées - Gers - Saramon",99
"Midi-Pyrénées - Gers - Condom",84
"Midi-Pyrénées - Gers - Préchac-sur-Adour",64
"Midi-Pyrénées - Gers - L'isle-Jourdain",91
"Midi-Pyrénées - Lot - Martel",87
"Midi-Pyrénées - Lot - Gourdon",82
"Midi-Pyrénées - Lot - Livernon",96
"Midi-Pyrénées - Lot - Cahors",77
"Midi-Pyrénées - Lot - Lunegarde",92
"Midi-Pyrénées - Lot - Prudhomat",93
"Midi-Pyrénées - Lot - Lamagdelaine",92
"Midi-Pyrénées - Lot - Pinsac",92
"Midi-Pyrénées - Hautes Pyrénées - Asque",84
"Midi-Pyrénées - Hautes Pyrénées - Bénac",38
"Midi-Pyrénées - Hautes Pyrénées - Argelès-Gazost",87
"Auvergne - Allier - Le Pin",69
"Midi-Pyrénées - Hautes Pyrénées - Lourdes",47
"Midi-Pyrénées - Hautes Pyrénées - Sabalos",95
"Midi-Pyrénées - Tarn - Carmaux",92
"Midi-Pyrénées - Tarn - Albi",92
"Midi-Pyrénées - Tarn - Brassac",86
"Midi-Pyrénées - Tarn - Castelnau-de-Brassac",96
"Midi-Pyrénées - Tarn - Labruguière",77
"Midi-Pyrénées - Tarn - Poulan-Pouzols",81
"Midi-Pyrénées - Tarn - Lacaune",87
"Midi-Pyrénées - Tarn - Réalmont",88
"Midi-Pyrénées - Tarn - Fauch",83
"Midi-Pyrénées - Tarn - Lavaur",77
"Midi-Pyrénées - Tarn - Lescure-D'albigeois",86
"Midi-Pyrénées - Tarn - Teillet",93
"Midi-Pyrénées - Tarn - Arthès",95
"Midi-Pyrénées - Tarn - Roquecourbe",74
"Midi-Pyrénées - Tarn - Saint Sulpice La Pointe",91
"Midi-Pyrénées - Tarn - Alban",86
"Auvergne - Haute Loire - Rosières",85
"Midi-Pyrénées - Tarn - Rabastens",91
"Midi-Pyrénées - Tarn - Montredon-Labessonnié",81
"Midi-Pyrénées - Tarn - Valence-D'albigeois",69
"Midi-Pyrénées - Tarn - Vabre",93
"Midi-Pyrénées - Tarn-et-Garonne - Montauban",84
"Midi-Pyrénées - Tarn-et-Garonne - Bourret",92
"Midi-Pyrénées - Tarn-et-Garonne - Verdun-sur-Garonne",88
"Rhône-Alpes - Haute Savoie - Thonon-les-Bains",88
"Midi-Pyrénées - Tarn-et-Garonne - Fauroux",95
"Midi-Pyrénées - Tarn-et-Garonne - Monclar-de-Quercy",86
"Midi-Pyrénées - Tarn-et-Garonne - Reyniès",94
"Midi-Pyrénées - Tarn-et-Garonne - Montbartier",91
"Midi-Pyrénées - Tarn-et-Garonne - Montaigu-de-Quercy",98
"Aquitaine - Gironde - Avensan",100
"Midi-Pyrénées - Tarn-et-Garonne - Savenès",98
"Nord-Pas-de-Calais - Nord - Tourcoing",85
"Nord-Pas-de-Calais - Nord - Wattrelos",86
"Nord-Pas-de-Calais - Nord - Lezennes",70
"Nord-Pas-de-Calais - Nord - Marcq-en-Barœul",92
"Auvergne - Allier - Vicq",60
"Nord-Pas-de-Calais - Nord - Lille",97
"Nord-Pas-de-Calais - Nord - Escautpont",63
"Nord-Pas-de-Calais - Nord - Hellemmes",98
"Nord-Pas-de-Calais - Nord - Cambrai",95
"Nord-Pas-de-Calais - Pas-de-Calais - Wimereux",69
"Nord-Pas-de-Calais - Nord - Haspres",94
"Nord-Pas-de-Calais - Nord - La Madeleine",92
"Nord-Pas-de-Calais - Nord - Saint-Amand-Les-Eaux",65
"Nord-Pas-de-Calais - Nord - Wervicq-Sud",89
"Nord-Pas-de-Calais - Nord - Dunkerque",83
"Aquitaine - Landes - Saint-Jean-De-Lier",78
"Nord-Pas-de-Calais - Nord - Raimbeaucourt",90
"Nord-Pas-de-Calais - Nord - Bertry",89
"Nord-Pas-de-Calais - Nord - Pecquencourt",76
"Nord-Pas-de-Calais - Nord - Saint-Saulve",84
"Nord-Pas-de-Calais - Pas-de-Calais - Bapaume",73
"Picardie - Somme - Amiens",74
"Nord-Pas-de-Calais - Pas-de-Calais - Cucq",91
"Aquitaine - Landes - Lit-et-Mixe",67
"Nord-Pas-de-Calais - Pas-de-Calais - Calais",91
"Nord-Pas-de-Calais - Pas-de-Calais - Arras",91
"Nord-Pas-de-Calais - Pas-de-Calais - Bully Les Mines",93
"Nord-Pas-de-Calais - Pas-de-Calais - Lens",88
"Nord-Pas-de-Calais - Pas-de-Calais - Avesnes Le Comte",61
"Nord-Pas-de-Calais - Pas-de-Calais - Bouvigny-Boyeffles",76
"Pays de la Loire - Loire-Atlantique - Nantes",87
"Pays de la Loire - Loire-Atlantique - Thouaré-sur-Loire",83
"Pays de la Loire - Loire-Atlantique - Donges",25
"Midi-Pyrénées - Gers - Chélan",69
"Pays de la Loire - Loire-Atlantique - Saint-Nazaire",79
"Pays de la Loire - Loire-Atlantique - Saint-Brevin-Les-Pins",89
"Pays de la Loire - Loire-Atlantique - Orvault",94
"Pays de la Loire - Loire-Atlantique - Saint-Michel-Chef-Chef",74
"Pays de la Loire - Loire-Atlantique - Piriac-sur-Mer",77
"Pays de la Loire - Loire-Atlantique - Le Loroux-Bottereau",68
"Pays de la Loire - Loire-Atlantique - La Baule-Escoublac",95
"Pays de la Loire - Maine-et-Loire - Cholet",91
"Pays de la Loire - Maine-et-Loire - Valanjou",64
"Pays de la Loire - Maine-et-Loire - Mozé-sur-Louet",87
"Pays de la Loire - Mayenne - Entrammes",76
"Pays de la Loire - Mayenne - Ernée",91
"Pays de la Loire - Sarthe - Laigné-en-Belin",56
"Pays de la Loire - Sarthe - Le Mans",84
"Pays de la Loire - Sarthe - La Chartre-Sur-Le-Loir",85
"Pays de la Loire - Sarthe - Arnage",92
"Pays de la Loire - Sarthe - Fyé",84
"Pays de la Loire - Sarthe - Conlie",55
"Pays de la Loire - Vendée - Saint-Hilaire-De-Riez",64
"Pays de la Loire - Vendée - Chaillé-Sous-Les-Ormeaux",101
"Pays de la Loire - Vendée - Saint-Gilles-Croix-De-Vie",81
"Pays de la Loire - Vendée - L'aiguillon-sur-Mer",94
"Pays de la Loire - Vendée - Palluau",84
"Pays de la Loire - Vendée - Antigny",61
"Pays de la Loire - Vendée - Olonne-sur-Mer",88
"Pays de la Loire - Vendée - Sainte-Hermine",35
"Pays de la Loire - Vendée - Ile D'yeu",83
"Pays de la Loire - Vendée - La Roche-Sur-Yon",68
"Pays de la Loire - Vendée - La Tranche-Sur-Mer",95
"Pays de la Loire - Vendée - Soullans",75
"Picardie - Aisne - Soissons",79
"Picardie - Aisne - Laon",78
"Poitou-Charentes - Charente-Maritime - Royan",89
"Franche-Comté - Jura - Cogna",59
"Picardie - Aisne - Braine",81
"Franche-Comté - Jura - Ardon",90
"Nord-Pas-de-Calais - Pas-de-Calais - Le Touquet-Paris-Plage",76
"Picardie - Oise - Beauvais",76
"Franche-Comté - Haute Saône - Saint-Sauveur",94
"Picardie - Oise - Senlis",66
"Picardie - Oise - Frétoy-le-Château",84
"Picardie - Oise - Neuilly-en-Thelle",96
"Picardie - Oise - Grandvilliers",77
"Picardie - Oise - Pontpoint",93
"Picardie - Oise - Noyon",92
"Picardie - Oise - Mouy",85
"Picardie - Oise - Compiègne",84
"Picardie - Oise - Pont-Sainte-Maxence",96
"Picardie - Oise - Breteuil",79
"Picardie - Oise - Creil",70
"Picardie - Oise - Breuil-le-Vert",75
"Picardie - Oise - Crevecoeur Le Grand",94
"Picardie - Oise - Margny Les Compiegne",92
"Picardie - Somme - Albert",66
"Picardie - Somme - Abbeville",80
"Rhône-Alpes - Haute Savoie - Annecy",81
"Picardie - Somme - Bernaville",39
"Picardie - Somme - Longueau",70
"Franche-Comté - Haute Saône - Roye",77
"Picardie - Somme - Moreuil",54
"Picardie - Somme - Ercheu",54
"Basse Normandie - Calvados - Villers-Bocage",87
"Centre - Loir-et-Cher - Saint-Ouen",79
"Picardie - Somme - Montdidier",94
"Centre - Indre-et-Loire - Joué-lès-Tours",91
"Poitou-Charentes - Charente - Nercillac",67
"Poitou-Charentes - Charente - Angoulême",85
"Poitou-Charentes - Charente - Villebois-Lavalette",73
"Poitou-Charentes - Charente - Agris",100
"Poitou-Charentes - Charente - Courcôme",69
"Poitou-Charentes - Charente - Saint-Yrieix-Sur-Charente",73
"Midi-Pyrénées - Haute Garonne - Saint-Michel",81
"Poitou-Charentes - Charente-Maritime - Île-D'aix",92
"Poitou-Charentes - Charente-Maritime - Ardillières",95
"Poitou-Charentes - Charente-Maritime - Saint-Trojan-Les-Bains",80
"Poitou-Charentes - Charente-Maritime - Saintes",75
"Île-de-France - Yvelines - Marly-le-Roi",93
"Poitou-Charentes - Charente-Maritime - Fouras",91
"Poitou-Charentes - Charente-Maritime - Saint Aigulin",94
"Poitou-Charentes - Charente - Mosnac",70
"Poitou-Charentes - Charente-Maritime - Breuil-Magné",75
"Poitou-Charentes - Charente-Maritime - Sonnac",89
"Poitou-Charentes - Deux Sèvres - Chey",94
"Poitou-Charentes - Deux Sèvres - Brioux-sur-Boutonne",66
"Poitou-Charentes - Deux Sèvres - Airvault",82
"Poitou-Charentes - Vienne - Croutelle",83
"Poitou-Charentes - Vienne - Saint-Germain",91
"Poitou-Charentes - Vienne - Payroux",88
"Poitou-Charentes - Vienne - Romagne",91
"Poitou-Charentes - Vienne - Journet",94
"Poitou-Charentes - Vienne - Loudun",84
"Poitou-Charentes - Vienne - Bonnes",100
"Poitou-Charentes - Vienne - Châtellerault",101
"Poitou-Charentes - Vienne - Montmorillon",85
"Poitou-Charentes - Vienne - Jardres",67
"Poitou-Charentes - Vienne - Bonneuil-Matours",77
"Poitou-Charentes - Vienne - Roches-Prémarie-Andillé",64
"Provence-Alpes-Côte d'Azur - Alpes-de-Haute-Provence - Sisteron",84
"Rhône-Alpes - Rhône - Feyzin",87
"Provence-Alpes-Côte d'Azur - Alpes-de-Haute-Provence - Manosque",90
"Provence-Alpes-Côte d'Azur - Alpes-de-Haute-Provence - Forcalquier",71
"Provence-Alpes-Côte d'Azur - Alpes-de-Haute-Provence - Barcelonnette",92
"Provence-Alpes-Côte d'Azur - Alpes-de-Haute-Provence - Peyruis",84
"Provence-Alpes-Côte d'Azur - Alpes-de-Haute-Provence - Digne-les-Bains",91
"Provence-Alpes-Côte d'Azur - Bouches-du-Rhône - Istres",81
"Provence-Alpes-Côte d'Azur - Bouches-du-Rhône - Arles",93
"Provence-Alpes-Côte d'Azur - Alpes-de-Haute-Provence - Reillanne",84
"Provence-Alpes-Côte d'Azur - Alpes-de-Haute-Provence - Malijai",79
"Provence-Alpes-Côte d'Azur - Alpes-de-Haute-Provence - Saint-Étienne-Les-Orgues",80
"Provence-Alpes-Côte d'Azur - Hautes-Alpes - Guillestre",94
"Provence-Alpes-Côte d'Azur - Hautes-Alpes - Gap",74
"Provence-Alpes-Côte d'Azur - Hautes-Alpes - Saint-Martin-De-Queyrières",76
"Provence-Alpes-Côte d'Azur - Hautes-Alpes - Laragne-Montéglin",92
"Provence-Alpes-Côte d'Azur - Hautes-Alpes - Veynes",82
"Provence-Alpes-Côte d'Azur - Hautes-Alpes - Puy-Saint-Vincent",82
"Provence-Alpes-Côte d'Azur - Hautes-Alpes - Embrun",95
"Rhône-Alpes - Haute Savoie - La Chapelle-D'abondance",93
"Provence-Alpes-Côte d'Azur - Hautes-Alpes - Saint-Chaffrey",92
"Provence-Alpes-Côte d'Azur - Hautes-Alpes - La Salle-Les-Alpes",84
"Provence-Alpes-Côte d'Azur - Hautes-Alpes - Molines-en-Queyras",92
"Provence-Alpes-Côte d'Azur - Hautes-Alpes - Espinasses",87
"Provence-Alpes-Côte d'Azur - Hautes-Alpes - Aspremont",77
"Provence-Alpes-Côte d'Azur - Alpes-Maritimes - Le Cannet",88
"Provence-Alpes-Côte d'Azur - Alpes-Maritimes - Grasse",87
"Provence-Alpes-Côte d'Azur - Alpes-Maritimes - Mougins",83
"Provence-Alpes-Côte d'Azur - Alpes-Maritimes - Vence",87
"Provence-Alpes-Côte d'Azur - Alpes-Maritimes - Villeneuve-Loubet",81
"Bretagne - Ille-et-Vilaine - Combourg",78
"Provence-Alpes-Côte d'Azur - Alpes-Maritimes - Biot",89
"Rhône-Alpes - Drôme - Livron-sur-Drôme",77
"Provence-Alpes-Côte d'Azur - Alpes-Maritimes - Saint-Laurent-Du-Var",91
"Provence-Alpes-Côte d'Azur - Alpes-Maritimes - Roquebrune-cap-Martin",99
"Provence-Alpes-Côte d'Azur - Bouches-du-Rhône - Martigues",90
"Provence-Alpes-Côte d'Azur - Bouches-du-Rhône - Plan-de-Cuques",96
"Provence-Alpes-Côte d'Azur - Bouches-du-Rhône - Les Pennes-Mirabeau",67
"Rhône-Alpes - Isère - La Tour-Du-Pin",82
"Centre - Indre-et-Loire - Luynes",41
"Provence-Alpes-Côte d'Azur - Bouches-du-Rhône - Bouc-bel-Air",95
"Provence-Alpes-Côte d'Azur - Vaucluse - Montfavet",87
"Provence-Alpes-Côte d'Azur - Bouches-du-Rhône - Cassis",57
"Provence-Alpes-Côte d'Azur - Var - Saint-Zacharie",81
"Provence-Alpes-Côte d'Azur - Bouches-du-Rhône - Roquevaire",89
"Provence-Alpes-Côte d'Azur - Bouches-du-Rhône - Allauch",95
"Provence-Alpes-Côte d'Azur - Bouches-du-Rhône - Salon-de-Provence",82
"Midi-Pyrénées - Ariège - La Bastide-Du-Salat",84
"Provence-Alpes-Côte d'Azur - Bouches-du-Rhône - Miramas",83
"Provence-Alpes-Côte d'Azur - Bouches-du-Rhône - Vitrolles",87
"Provence-Alpes-Côte d'Azur - Bouches-du-Rhône - Carry-le-Rouet",98
"Provence-Alpes-Côte d'Azur - Bouches-du-Rhône - Fos-sur-Mer",91
"Provence-Alpes-Côte d'Azur - Bouches-du-Rhône - Châteaurenard",72
"Provence-Alpes-Côte d'Azur - Bouches-du-Rhône - Port-de-Bouc",68
"Provence-Alpes-Côte d'Azur - Bouches-du-Rhône - Trets",90
"Provence-Alpes-Côte d'Azur - Bouches-du-Rhône - Gignac-la-Nerthe",90
"Provence-Alpes-Côte d'Azur - Bouches-du-Rhône - Auriol",82
"Provence-Alpes-Côte d'Azur - Var - Saint-Aygulf",85
"Provence-Alpes-Côte d'Azur - Var - Gonfaron",93
"Provence-Alpes-Côte d'Azur - Var - La Valette-Du-Var",73
"Provence-Alpes-Côte d'Azur - Var - Roquebrune-sur-Argens",54
"Provence-Alpes-Côte d'Azur - Var - Fréjus",83
"Provence-Alpes-Côte d'Azur - Var - La Crau",95
"Provence-Alpes-Côte d'Azur - Var - Cuers",84
"Provence-Alpes-Côte d'Azur - Var - Draguignan",87
"Provence-Alpes-Côte d'Azur - Var - Saint-Raphaël",90
"Provence-Alpes-Côte d'Azur - Var - Bormes-les-Mimosas",89
"Provence-Alpes-Côte d'Azur - Var - Brignoles",87
"Provence-Alpes-Côte d'Azur - Var - Le Revest-Les-Eaux",74
"Provence-Alpes-Côte d'Azur - Var - Sainte-Maxime",94
"Provence-Alpes-Côte d'Azur - Var - Sanary-sur-Mer",85
"Provence-Alpes-Côte d'Azur - Var - Grimaud",86
"Provence-Alpes-Côte d'Azur - Var - Bandol",90
"Provence-Alpes-Côte d'Azur - Var - Fayence",88
"Provence-Alpes-Côte d'Azur - Var - Carqueiranne",66
"Provence-Alpes-Côte d'Azur - Var - Cogolin",86
"Provence-Alpes-Côte d'Azur - Var - Saint-Tropez",79
"Provence-Alpes-Côte d'Azur - Var - Le Val",84
"Provence-Alpes-Côte d'Azur - Var - Lorgues",70
"Provence-Alpes-Côte d'Azur - Var - Cotignac",85
"Provence-Alpes-Côte d'Azur - Var - La Garde",92
"Provence-Alpes-Côte d'Azur - Var - Les Arcs",85
"Centre - Cher - Rians",62
"Provence-Alpes-Côte d'Azur - Var - Vidauban",93
"Provence-Alpes-Côte d'Azur - Var - La Croix-Valmer",96
"Rhône-Alpes - Isère - Grenoble",82
"Provence-Alpes-Côte d'Azur - Var - Montauroux",88
"Provence-Alpes-Côte d'Azur - Var - La Londe-Les-Maures",87
"Provence-Alpes-Côte d'Azur - Var - Saint-Maximin-La-Sainte-Baume",97
"Provence-Alpes-Côte d'Azur - Var - Sainte-Anastasie-Sur-Issole",57
"Provence-Alpes-Côte d'Azur - Var - Villecroze",80
"Provence-Alpes-Côte d'Azur - Var - Saint-Mandrier-sur-Mer",76
"Provence-Alpes-Côte d'Azur - Var - Le Lavandou",89
"Provence-Alpes-Côte d'Azur - Var - Flayosc",82
"Provence-Alpes-Côte d'Azur - Vaucluse - Courthézon",89
"Provence-Alpes-Côte d'Azur - Vaucluse - Carpentras",97
"Provence-Alpes-Côte d'Azur - Vaucluse - Lauris",82
"Île-de-France - Seine-et-Marne - Jouarre",76
"Provence-Alpes-Côte d'Azur - Vaucluse - Piolenc",64
"Provence-Alpes-Côte d'Azur - Vaucluse - Orange",82
"Provence-Alpes-Côte d'Azur - Vaucluse - Bédarrides",70
"Provence-Alpes-Côte d'Azur - Vaucluse - Mornas",72
"Provence-Alpes-Côte d'Azur - Vaucluse - Vedène",93
"Provence-Alpes-Côte d'Azur - Vaucluse - Caderousse",92
"Provence-Alpes-Côte d'Azur - Vaucluse - La tour-D'aigues",63
"Provence-Alpes-Côte d'Azur - Vaucluse - Cavaillon",55
"Provence-Alpes-Côte d'Azur - Vaucluse - Villelaure",94
"Rhône-Alpes - Ain - Crozet",88
"Rhône-Alpes - Ain - Lagnieu",71
"Rhône-Alpes - Ain - Saint-Martin-De-Bavel",36
"Rhône-Alpes - Ain - Hauteville-Lompnes",52
"Rhône-Alpes - Ain - Ambérieu-en-Bugey",74
"Rhône-Alpes - Ain - Ferney-Voltaire",74
"Rhône-Alpes - Ain - Étrez",82
"Rhône-Alpes - Haute Savoie - Archamps",65
"Rhône-Alpes - Ain - Oyonnax",80
"Rhône-Alpes - Ain - Thoiry",86
"Rhône-Alpes - Ain - Jassans-Riottier",77
"Rhône-Alpes - Ain - Ornex",66
"Rhône-Alpes - Ain - Belley",77
"Rhône-Alpes - Ain - Villieu-Loyes-Mollon",84
"Rhône-Alpes - Ain - Chevry",60
"Rhône-Alpes - Ain - Thézillieu",56
"Rhône-Alpes - Ain - Bourg-en-Bresse",91
"Bourgogne - Côte-d'Or - Saulieu",82
"Rhône-Alpes - Ain - Divonne-les-Bains",70
"Rhône-Alpes - Ain - Belmont-Luthézieu",83
"Rhône-Alpes - Ain - Montrevel-en-Bresse",96
"Rhône-Alpes - Ain - Ségny",75
"Rhône-Alpes - Ain - Saint-Genis-Pouilly",88
"Rhône-Alpes - Rhône - Beynost",91
"Rhône-Alpes - Ain - Gex",76
"Rhône-Alpes - Ain - Lalleyriat",100
"Rhône-Alpes - Ain - Sergy",75
"Rhône-Alpes - Ain - Culoz",91
"Rhône-Alpes - Rhône - Saint-Priest",87
"Rhône-Alpes - Ain - Bellegarde-sur-Valserine",62
"Bourgogne - Nièvre - Pougny",71
"Rhône-Alpes - Ain - Villars-les-Dombes",71
"Rhône-Alpes - Ain - Grilly",72
"Rhône-Alpes - Ain - Confort",88
"Rhône-Alpes - Rhône - Décines-Charpieu",88
"Rhône-Alpes - Ain - Versonnex",79
"Rhône-Alpes - Ain - Le Plantay",91
"Rhône-Alpes - Ardèche - Annonay",88
"Rhône-Alpes - Ardèche - Saint-Pierreville",42
"Rhône-Alpes - Ardèche - Lablachère",90
"Rhône-Alpes - Ardèche - Andance",53
"Rhône-Alpes - Ardèche - La Voulte-Sur-Rhône",84
"Rhône-Alpes - Ardèche - Colombier-le-Vieux",84
"Rhône-Alpes - Ardèche - Meyras",56
"Rhône-Alpes - Ardèche - Vion",69
"Rhône-Alpes - Ardèche - Privas",68
"Rhône-Alpes - Ardèche - Vinzieux",76
"Rhône-Alpes - Ardèche - Chassiers",59
"Rhône-Alpes - Ardèche - Saint-Christol",72
"Rhône-Alpes - Drôme - Allan",84
"Rhône-Alpes - Drôme - Montélimar",81
"Rhône-Alpes - Drôme - Montbrison-sur-Lez",75
"Rhône-Alpes - Drôme - Le Pègue",83
"Rhône-Alpes - Drôme - Saulce-sur-Rhône",87
"Bourgogne - Saône-et-Loire - Saint-Vallier",75
"Rhône-Alpes - Drôme - Saint-Martin-Le-Colonel",71
"Rhône-Alpes - Drôme - Bourdeaux",89
"Rhône-Alpes - Drôme - Montélier",59
"Rhône-Alpes - Drôme - Romans-sur-Isère",89
"Provence-Alpes-Côte d'Azur - Vaucluse - Grillon",84
"Rhône-Alpes - Drôme - Grane",75
"Rhône-Alpes - Drôme - Mirabel-et-Blacons",97
"Rhône-Alpes - Drôme - Tulette",88
"Rhône-Alpes - Drôme - Margès",88
"Rhône-Alpes - Drôme - Taulignan",96
"Rhône-Alpes - Drôme - La Laupie",49
"Rhône-Alpes - Drôme - Saillans",82
"Rhône-Alpes - Drôme - Nyons",80
"Rhône-Alpes - Drôme - Le poët-Laval",96
"Rhône-Alpes - Drôme - Bésayes",91
"Rhône-Alpes - Drôme - Saint-Jean-En-Royans",99
"Rhône-Alpes - Drôme - La Chapelle-En-Vercors",97
"Rhône-Alpes - Drôme - Pierrelatte",84
"Rhône-Alpes - Drôme - Crest",85
"Rhône-Alpes - Isère - Échirolles",88
"Rhône-Alpes - Isère - Voiron",91
"Rhône-Alpes - Isère - Meylan",90
"Rhône-Alpes - Isère - Corenc",78
"Rhône-Alpes - Isère - Roissard",84
"Rhône-Alpes - Rhône - Irigny",83
"Rhône-Alpes - Isère - Saint-Martin-D'hères",60
"Rhône-Alpes - Savoie - Aix-les-Bains",91
"Rhône-Alpes - Isère - Izeaux",90
"Rhône-Alpes - Isère - Le Pont-De-Claix",79
"Rhône-Alpes - Isère - Marcilloles",73
"Rhône-Alpes - Isère - Notre-Dame-De-L'osier",80
"Rhône-Alpes - Isère - Villard-Bonnot",57
"Rhône-Alpes - Isère - Saint-Romain-De-Jalionas",99
"Rhône-Alpes - Isère - Vienne",93
"Rhône-Alpes - Isère - Rives",53
"Rhône-Alpes - Isère - Vizille",97
"Rhône-Alpes - Isère - Dolomieu",94
"Rhône-Alpes - Isère - Notre-Dame-De-Vaulx",69
"Rhône-Alpes - Isère - Tullins",86
"Rhône-Alpes - Isère - Les Adrets",74
"Rhône-Alpes - Isère - Saint-Ismier",87
"Rhône-Alpes - Isère - Saint-Victor-De-Morestel",73
"Rhône-Alpes - Isère - Biviers",96
"Rhône-Alpes - Isère - Bresson",93
"Rhône-Alpes - Isère - Saint-Paul-De-Varces",91
"Rhône-Alpes - Isère - Seyssinet-Pariset",87
"Rhône-Alpes - Isère - Bourgoin-Jallieu",95
"Rhône-Alpes - Isère - Fontaine",95
"Rhône-Alpes - Isère - Beaucroissant",85
"Rhône-Alpes - Isère - La Terrasse",88
"Languedoc-Roussillon - Pyrénées-Orientales - Saleilles",90
"Rhône-Alpes - Isère - Le Touvet",87
"Rhône-Alpes - Isère - Izeron",78
"Rhône-Alpes - Isère - Tignieu-Jameyzieu",95
"Rhône-Alpes - Isère - Les deux Alpes",89
"Rhône-Alpes - Isère - Vif",61
"Rhône-Alpes - Isère - Seyssins",97
"Rhône-Alpes - Isère - Vénosc",89
"Rhône-Alpes - Isère - Vézeronce-Curtin",73
"Rhône-Alpes - Isère - Morette",94
"Rhône-Alpes - Isère - Chanas",81
"Rhône-Alpes - Isère - Le Gua",76
"Rhône-Alpes - Isère - Saint-Maurice-L'exil",77
"Rhône-Alpes - Isère - Chichilianne",87
"Rhône-Alpes - Isère - Lans-en-Vercors",78
"Rhône-Alpes - Loire - La Terrasse-Sur-Dorlay",81
"Rhône-Alpes - Loire - Montbrison",57
"Rhône-Alpes - Loire - Cleppé",95
"Rhône-Alpes - Loire - Villerest",92
"Rhône-Alpes - Loire - Roanne",81
"Rhône-Alpes - Loire - Feurs",82
"Rhône-Alpes - Loire - Saint-Chamond",85
"Rhône-Alpes - Loire - Sury-le-Comtal",74
"Rhône-Alpes - Loire - Riorges",94
"Rhône-Alpes - Loire - Saint-Denis-De-Cabanne",84
"Rhône-Alpes - Loire - Fraisses",82
"Rhône-Alpes - Loire - Charlieu",97
"Rhône-Alpes - Loire - La Ricamarie",58
"Rhône-Alpes - Loire - Unieux",93
"Rhône-Alpes - Loire - Chavanay",84
"Rhône-Alpes - Loire - Firminy",52
"Rhône-Alpes - Rhône - Chassieu",77
"Rhône-Alpes - Rhône - Tarare",85
"Rhône-Alpes - Isère - Chasselay",66
"Rhône-Alpes - Rhône - Vénissieux",82
"Rhône-Alpes - Rhône - Sainte-Foy-Lès-Lyon",63
"Rhône-Alpes - Rhône - Oullins",85
"Rhône-Alpes - Rhône - Brignais",82
"Rhône-Alpes - Rhône - Corbas",76
"Rhône-Alpes - Rhône - Pierre-Bénite",90
"Rhône-Alpes - Rhône - Givors",90
"Rhône-Alpes - Rhône - Bron",86
"Rhône-Alpes - Rhône - Grézieu-la-Varenne",89
"Rhône-Alpes - Rhône - Albigny-sur-Saône",82
"Rhône-Alpes - Rhône - Saint-Fons",59
"Rhône-Alpes - Rhône - Rochetaillée-sur-Saône",88
"Rhône-Alpes - Rhône - Écully",100
"Rhône-Alpes - Rhône - Saint-Genis-Laval",83
"Rhône-Alpes - Rhône - Chevinay",86
"Rhône-Alpes - Rhône - Genay",81
"Rhône-Alpes - Rhône - Saint-Germain-Au-Mont-D'or",83
"Rhône-Alpes - Rhône - Jonage",79
"Rhône-Alpes - Rhône - Meyzieu",89
"Rhône-Alpes - Rhône - Échalas",73
"Rhône-Alpes - Rhône - Grigny",79
"Rhône-Alpes - Rhône - Mions",79
"Rhône-Alpes - Rhône - La Mulatière",91
"Rhône-Alpes - Rhône - Vourles",86
"Rhône-Alpes - Rhône - Champagne-Au-Mont-D'or",94
"Rhône-Alpes - Savoie - Chambéry",92
"Rhône-Alpes - Rhône - Dardilly",67
"Rhône-Alpes - Rhône - Communay",88
"Rhône-Alpes - Rhône - Chaponost",78
"Rhône-Alpes - Rhône - Rillieux-la-Pape",88
"Rhône-Alpes - Rhône - Anse",90
"Rhône-Alpes - Rhône - Vaulx-en-Velin",80
"Rhône-Alpes - Rhône - Villefranche-sur-Saône",87
"Rhône-Alpes - Rhône - Thizy-les-Bourgs",92
"Rhône-Alpes - Rhône - Saint-Cyr-Au-Mont-D'or",57
"Rhône-Alpes - Rhône - Saint-Romain-En-Gal",89
"Rhône-Alpes - Rhône - Tassin-La-Demi-Lune",95
"Rhône-Alpes - Rhône - Saint-Symphorien-D'ozon",76
"Rhône-Alpes - Rhône - Pont-Trambouze",96
"Rhône-Alpes - Rhône - Chazay-D'azergues",90
"Rhône-Alpes - Rhône - Saint-Martin-En-Haut",78
"Rhône-Alpes - Savoie - La Motte-Servolex",88
"Rhône-Alpes - Savoie - Plancherine",66
"Rhône-Alpes - Savoie - Modane",86
"Rhône-Alpes - Savoie - Saint-Martin-De-Belleville",82
"Rhône-Alpes - Savoie - Montvalezan",84
"Rhône-Alpes - Savoie - Villaroger",83
"Rhône-Alpes - Savoie - Aillon-le-Jeune",76
"Rhône-Alpes - Savoie - Saint-Pierre-De-Curtille",59
"Rhône-Alpes - Savoie - Challes-les-Eaux",91
"Rhône-Alpes - Savoie - Albertville",87
"Rhône-Alpes - Savoie - Aigueblanche",78
"Rhône-Alpes - Ain - Apremont",63
"Rhône-Alpes - Savoie - Bozel",63
"Rhône-Alpes - Savoie - Saint-Julien-Montdenis",91
"Rhône-Alpes - Savoie - Saint-Martin-La-Porte",93
"Rhône-Alpes - Savoie - Valloire",70
"Rhône-Alpes - Savoie - Aime-la-Plagne",85
"Rhône-Alpes - Savoie - Vions",64
"Rhône-Alpes - Haute Savoie - La Roche-Sur-Foron",75
"Rhône-Alpes - Haute Savoie - Sallanches",83
"Rhône-Alpes - Haute Savoie - Argentière",84
"Rhône-Alpes - Haute Savoie - Sciez",59
"Rhône-Alpes - Haute Savoie - Chamonix-mont-Blanc",78
"Rhône-Alpes - Haute Savoie - Saint-Gervais-Les-Bains",92
"Rhône-Alpes - Haute Savoie - Cruseilles",81
"Rhône-Alpes - Haute Savoie - Vinzier",82
"Rhône-Alpes - Haute Savoie - Taninges",71
"Rhône-Alpes - Haute Savoie - Seynod",89
"Rhône-Alpes - Haute Savoie - Saint-Jorioz",87
"Rhône-Alpes - Haute Savoie - Annecy-le-Vieux",91
"Rhône-Alpes - Haute Savoie - Ville-en-Sallaz",86
"Rhône-Alpes - Haute Savoie - Cranves-Sales",96
"Rhône-Alpes - Haute Savoie - Villy-le-Bouveret",75
"Rhône-Alpes - Haute Savoie - Saint-Jeoire-En-Faucigny",90
"Rhône-Alpes - Savoie - Verel-Pragondran",88
"Rhône-Alpes - Haute Savoie - Menthonnex-sous-Clermont",91
"Rhône-Alpes - Haute Savoie - Bons-en-Chablais",79
"Rhône-Alpes - Haute Savoie - Megève",83
"Rhône-Alpes - Haute Savoie - Cran-Gevrier",59
"Rhône-Alpes - Haute Savoie - Ambilly",84
"Rhône-Alpes - Haute Savoie - Passy",96
"Rhône-Alpes - Haute Savoie - Domancy",82
"Rhône-Alpes - Haute Savoie - Vétraz-Monthoux",72
"Rhône-Alpes - Haute Savoie - Les Contamines-Montjoie",98
"Rhône-Alpes - Haute Savoie - Morillon",89
"Rhône-Alpes - Haute Savoie - Frangy",56
"Rhône-Alpes - Haute Savoie - Meythet",70
"Rhône-Alpes - Haute Savoie - Veyrier-du-Lac",92
"Rhône-Alpes - Haute Savoie - Gaillard",93
"Rhône-Alpes - Ardèche - Laviolle",89
"Rhône-Alpes - Haute Savoie - Thyez",46
"Rhône-Alpes - Haute Savoie - Draillant",103
"Rhône-Alpes - Haute Savoie - Le Fayet",93
"Rhône-Alpes - Haute Savoie - Lucinges",79
"Rhône-Alpes - Haute Savoie - La Muraz",58
"Rhône-Alpes - Haute Savoie - Scionzier",95
"Rhône-Alpes - Haute Savoie - Évian-les-Bains",86
"Rhône-Alpes - Haute Savoie - Douvaine",87
"Rhône-Alpes - Haute Savoie - Menthonnex-en-Bornes",99
"Rhône-Alpes - Haute Savoie - Marcellaz-Albanais",58
"Rhône-Alpes - Haute Savoie - Vacheresse",53
"Rhône-Alpes - Haute Savoie - Chilly",79
"Rhône-Alpes - Haute Savoie - Yvoire",85
"Aquitaine - Lot-et-Garonne - Monbahus",81
"Martinique - Martinique - Fort-de-France",87
"Martinique - Martinique - Schoelcher",92
"La Réunion - Réunion - Le Port",92
"La Réunion - Réunion - Le Tampon",82
"Alsace - Haut Rhin - Saint-Louis",80
"Île-de-France - Seine-Saint-Denis - Saint-Denis",85
"Limousin - Haute Vienne - Saint-Paul",81
"La Réunion - Réunion - La Possession",75
"La Réunion - Réunion - Saint-Pierre",85
"Martinique - Martinique - Sainte-Anne",81
"Bourgogne - Saône-et-Loire - Saint-Leu",89
"Languedoc-Roussillon - Hérault - Prades-le-Lez",82
"Centre - Indre-et-Loire - Amboise",59
"Midi-Pyrénées - Haute Garonne - Saint-André",86
"La Réunion - Réunion - Les Avirons",89
